Workbook

Sheet Lista de Precio 
A1: Description | B1: Qty | C1: Price | D1: Ventas | E1: Inventario
A2: ADIDAS ICE DIVE MEN 3.4 OZ. EDT | B2: 0 | C2: 28.5 | D2: 1 | E2: Csar 1
A3: ADIDAS TEAM FORCE MEN 3.4 OZ. EDT | B3: 0 | C3: 28.5 | D3: 1 | E3: Csar 1
A4: ADIDAS VICTORY LEAGUE MEN 3.4 OZ. EDT SP-NEW UPC | B4: 0 | C4: 28.5 | D4: 1 | E4: Csar 1
A5: ADIDAS VICTORY LEAGUE MEN 3.4 OZ. SP (NEW UPC) | B5: 0 | C5: 28.5 | D5: 1 | E5: Csar 1
A6: AFNAN 9AM DIVE UNISEX 3.4 OZ. EDP SP | B6: 0 | C6: 60 | D6: 2 | E6: Yonathan
A7: AFNAN 9AM WOMEN 3.4 OZ. EDP SP | B7: 0 | C7: 60 | D7: 2 | E7: Nani
A8: AFNAN 9PM MEN 3.4 OZ. EDP SP | B8: 0 | C8: 60 | D8: 3 | E8: Luis 1, Ciribeth, Salcedo
A9: AFNAN 9PM REBEL (RED) UNISEX 3.4 OZ EDP SP | B9: 0 | C9: 65 | D9: 3 | E9: Cesar 1, Reinaldo, Wenrit
A10: AL HARAMAIN AMBER OUD GOLD UNISEX 2.0 OZ EDP SP | B10: 0 | C10: 73 | D10: 2 | E10: Csar 1, Yeny
A11: AL HARAMAIN AMBER OUD PRIVATE EDITION UNISEX 2.0 OZ EDP SP | B11: 0 | C11: 85 | D11: 1 | E11: Yeni Geneis
A12: AL HARAMAIN AMBER OUD RUBY WOMEN 3.3 OZ. EDP SP | B12: 0 | C12: 85 | D12: 1 | E12: Yeni Geneis
A13: ΑΝΤΟΝΙΟO BANDERAS BLUE SEDUCTION MEN 3.4 OZ EDT SP-NEW UPC | B13: 1 | C13: 40 | D13: 2 | E13: Csar 2
... A32: CAROLINA HERRERA BAD BOY COBALTO MEN 3.4 OZ EDP SP | B32: 0 | C32: 130 | D32: 1 | E32: Cesar
A33: CAROLINA HERRERA CHIC WOMAN 2.7 OZ. EDP SP | B33: 0 | C33: 65 | D33: Csar 1 | E33: Luis 1, Yelis 1, Csar 1
A34: CLINIQUE HAPPY WOMEN 3.4 OZ. EDP SPRAY | B34: 0 | C34: 60 | D34: 2 | E34: Cesar 1, Wendy, Milana
A35: DIESEL PLUS PLUS MEN 2.5 OZ. EDT | B35: 0 | C35: 40 | D35: 4 | E35: Wilson, Yelismar
A36: DIESEL PLUS PLUS WOMAN 2.5 OZ. EDT | B36: 0 | C36: 40 | D36: 2 | E36: Genesis, Kristel,
A37: DIESEL ZERO PLUS RED WOMAN 2.5 OZ. EDT | B37: 0 | C37: 40 | D37: 0 | E37: , Csar 2
A38: KIDS DISNEY GUARDIANS OF THE GALAXY BY MARVEL MEN 3.3 OZ EDT SP-AIR VAL | B38: 0 | C38: 30 | D38: 1 | E38: Santigo
A39: KIDS DISNEY MINNIE MOUSE 3.4 OZ. EDT SP - AIR VAL | B39: 0 | C39: 30 | D39: 1 | E39: Ahilin
A40: LATTAFA YARA MOI WOMEN 3.4 OZ EDP SP | B40: 0 | C40: 55 | D40: 3 | E40: Michell, Ciribeth
A41: LATTAFA YARA TOUS WOMEN 3.4 OZ. EDP SP | B41: 2 | C41: 55 | D41: 1 | E41: Maria
A42: MOSCHINO ΤΟΥ ΒΟΥ ΜΕΝ 3.4 OZ. EDP SP | B42: 0 | C42: 85 | D42: 0 | E42: Csar 1
A43: PARIS HILTON GOLD RUSH MEN 3.4 OZ. EDT SP | B43: 0 | C43: 50 | D43: 0 | E43: Csar 1
A44: PARIS HILTON WOMEN 3.4 OZ. EDP SP | B44: 0 | C44: 50 | D44: 3 | E44: Yelis , Moraima, Luis1, Alvaro Tomassi
A45: PERRY ELLIS 360 COLLECTION ROSE WOMEN 3.4 OZ. SPRAY | B45: 2 | C45: 45 | D45: 2 | E45: Yaya, Yajaira
... A55: Stalin 53 (Pedido anterior) | B55: 1 | C55: 50 | D55: 0 | E55: Pedido anterior
A56: Club de niut Sillje | B56: 0 | C56: 55
A57: Nautica | B57: 0 | C57: 40 | E57: Pedido anterior
A58: SWISS ARMY ALTITUDE MEN 3.4 OZ. EDT SPRAY | B58: 0 | C58: 50 | E58: Pedido anterior
A59: Afnan Violet Bouquet woman (LUIS) | B59: 0 | C59: 55 | E59: Luis Rivera
A60: ARMAF ODYSSEY WHITE MEN 3.4 OZ. EDP SPR | B60: 1 | C60: 55
A61: LATTAFA ASAD MEN 3.4 OZ. EDP SP | B61: 2 | C61: 60
A62: LATTAFA BADEE AL OUD HONOR AND GLORY UNISEX 3.4 OZ | B62: 2 | C62: 60
A63: LATTAFA BADEE AL OUD NOBLE BLUSH 3.4 OZ EDP SP | B63: 1 | C63: 60
A64: LATTAFA YARA CANDY WOMEN 3.4 OZ EDP SP | B64: 2 | C64: 60
A65: PERRY ELLIS 360 RED MEN 3.4 OZ. EDT SPRAY | B65: 1 | C65: 65
A66: RASASI HAWAS BLACK MEN 3.4 OZ EDP SP | B66: 0 | C66: 60 | D66: 1 | E66: Yarol Ocando
A67: PERRY ELLIS 360 RED MEN 3.4 OZ. EDT SPRAY | B67: 1 | C67: 55
A68: GUES SEDUCTIVE KISS WOMEN 2.5 OZ. EDT | B68: 1 | C68: 45
A69: GUESS 1981 LOS ANGELES WOMEN 3.4 OZ. EDT SP | B69: 2 | C69: 45
A70: LATTAFA ASAD MEN 3.4 OZ. EDP SP | B70: 2 | C70: 50
A71: LATTAFA BADEE AL OUD HONOR AND GLORY UNISEX 3.4 OZ | B71: 2 | C71: 60
A72: LATTAFA BADEE AL OUD NOBLE BLUSH 3.4 OZ EDP SP | B72: 1 | C72: 60
A73: LIZ CKAUBORNE CURVE BLACK| | B73: 1 | C73: 40
A74: MAGICAL MONMENT | B74: 0 | C74: 60 | D74: 1 | E74: Alvaro Tomassi (Yerika)
A75: TOTALES | B75: =SUM(B2:B74) -> 60 | D75: =SUM(D2:D74) -> 74
A76: PEDIDO 11/2025 | E76: CLIENTE
A77: AFNAN 9AM DIVE UNISEX 5.0 OZ EDP SP | B77: 0 | C77: 65 | D77: 1 | E77: Yosber /
A78: AFNAN 9PM REBEL (RED) UNISEX 3.4 OZ EDP SP | B78: 0 | C78: 65 | D78: 3 | E78: Rafael Molina / Victor Palencia / Grisel Hgidromaticos
A79: ANTONIO BANDERAS BLUE SEDUCTION MEN 3.4 OZ EDT SP-NEW UPC | B79: 0 | C79: 40 | D79: 3 | E79: Nikolay Parra /Mario/Humberto Aranda
A80: ARMAF ODYSSEY AOUD MEN 3.4 OZ EDP SP | B80: 1 | C80: 55 | D80: 1 | E80: Yarol Ocando
A81: ARMAF ODYSSEY BLACK MEN 3.4 OZ. EDP SP | B81: 2 | C81: 55 | D81: 0
A82: ARMAF ODYSSEY CANDEE WOMEN 3.4 OZ EDP SP | B82: 0 | C82: 60 | D82: 3 | E82: Luis Barbero / Maria los Angeles/Diana Ardila
A83: ARMAF ODYSSEY DUBAI CHOCOLATE MEN GOURMAN EDITION 3.4 OZ EDP SP | B83: 3 | C83: 60 | D83: 0
A84: ARMAF ODYSSEY LIMONI MEN 3.4 OZ EDP SP | B84: 0 | C84: 60 | D84: 3 | E84: Wenrit Corro / Albert Uzcategui / Luis Rivero(Luis Rivero)
A85: ARMAF ODYSSEY MANDARIN MEN 3.4 OZ EDP SP | B85: 0 | C85: 65 | D85: 3 | E85: Luis Barbero / Edgar Oati / Cristian
A86: ARMAF ODYSSEY MEGA MEN 3.4 OZ EDP SP | B86: 0 | C86: 60 | D86: 2 | E86: Andres Contreras / Jenny (Luis Rivero)
A87: ARMAF ODYSSEY TYRANT MEN 3.4 OZ EDP SP | B87: 1 | C87: 55 | D87: 0
A88: ARMAF ODYSSEY WHITE MEN 3.4 OZ. EDP SPR | B88: 0 | C88: 60 | D88: 2 | E88: Junior Hidromaticos / Hector Hidromaticos
A89: BODY MIST WOMEN ARIANA GRANDE ARI 8.0 OZ. SP | B89: 0 | C89: 20 | D89: 1 | E89: Aida Corro
A90: BODY MIST WOMEN ARIANA GRANDE CLOUD 8.0 OZ. | B90: 0 | C90: 20 | D90: 1 | E90: Zughey
A91: BODY MIST WOMEN ARIANA GRANDE GOD IS A WOMAN 8.0 OZ SPRAY | B91: 0 | C91: 20 | D91: 1 | E91: Grisel Hidromaticos
A92: BODY MIST WOMEN ARIANA GRANDE MOONLIGHT 8.0 OZ. SP | B92: 1 | C92: 20 | D92: 0
A93: BODY MIST WOMEN ARIANA GRANDE SWEET LIKE CANDY 8.0 OZ. SP | B93: 0 | C93: 20 | D93: 1 | E93: Pasante
A94: BODY MIST WOMEN ARIANA GRANDE THANK YOU NEXT 8.0 OZ. SP | B94: 0 | C94: 20 | D94: 1 | E94: Nikolay
A95: BODY MIST WOMEN PARIS HILTON 8.0 OZ. SP | B95: 0 | C95: 20 | D95: 1 | E95: Wenrit Corro
A96: BODY MIST WOMEN PARIS HILTON CAN CAN 8.0 OZ. SP | B96: 0 | C96: 20 | D96: 1 | E96: Karen Vergara
A97: BODY MIST WOMEN PERRY ELLIS 360 8.0 OZ. SP | B97: 0 | C97: 20 | D97: 1 | E97: Nikolay Parra
A98: BODY MIST WOMEN PINK SUGAR 8.0 OZ. | B98: 0 | C98: 20 | D98: 1 | E98: Nikolay Parra
A99: BODY MIST WOMEN SEAN JOHN UNFORGIVABLE 8.0 OZ. SP | B99: 1 | C99: 20 | D99: 0
A100: BODY MIST WOMEN SOFIA VERGARA LOST IN PARADISE 8.0 OZ. SP | B100: 0 | C100: 20 | D100: 1 | E100: Aida Corro
A101: BODY SPRAY ARMAF CLUB DE NUIT INTENSE MEN 6.8 OZ | B101: 0 | C101: 15 | D101: 2 | E101: Cristian / Junior Hidromaticos
A102: BODY SPRAY ARMAF ODYSSEY AOUD MEN 6.8 OZ | B102: 2 | C102: 15 | D102: 0
A103: BODY SPRAY ARMAF ODYSSEY AQUA MEN 6.8 OZ | B103: 3 | C103: 15 | D103: 0
A104: BODY SPRAY ARMAF ODYSSEY HOME WHITE EDITION MEN 6.8 OZ | B104: 0 | C104: 15 | D104: 2 | E104: Santiago / Edgar Oati
A105: BODY SPRAY ARMAF ODYSSEY LIMONI FRESH EDITION MEN 6.8 OZ | B105: 2 | C105: 15 | D105: 1 | E105: Albert Uzcategui
A106: BODY SPRAY ARMAF ODYSSEY SPECTRA MEN 6.8 OZ | B106: 0 | C106: 15 | D106: 2 | E106: Jean Paul Toro / Karen Vergara
A107: BODY SPRAY ARMAF ODYSSEY TYRANT MEN 6.8 OZ | B107: 2 | C107: 15 | D107: 0
A108: BODY SPRAY ARMAF ODYSSEY WILD ONE MEN | B108: 2 | C108: 15 | D108: 0
A109: LATTAFA YARA CANDY WOMEN 3.4 OZ EDP SP | B109: 0 | C109: 55 | D109: 2 | E109: Luis Rivero / Pablo
A110: SWISS ARMY ALTITUDE MEN 3.4 OZ. EDT SPRAY | B110: 0 | C110: 50 | D110: 2 | E110: Sandra Corro / Nikolay Parra
A111: SWISS ARMY BLACK STEEL MEN 3.4 OZ EDT SP | B111: 0 | C111: 45 | D111: 1 | E111: Nikolay Parra
A112: SWISS ARMY CLASSIC 3.4 OZ. EDT - NEW PRESENTATION | B112: 0 | C112: 50 | D112: 2 | E112: Yunior Rondon / Nikolay Parra
A113: TOTALES | B113: =SUM(B77:B112) -> 20 | D113: =SUM(D77:D112) -> 45
A115: PEDIDO 12/2025 | B115: INV | C115: PRECIO | D115: VENDIDO | E115: CLIENTE
A116: ADIDAS DYNAMIC PULSE MEN 3.4 OZ. SP (NEW UPC) | B116: 1 | C116: 20 | D116: 0
A117: ADIDAS ICE DIVE MEN 3.4 OZ. EDT | B117: 1 | C117: 20 | D117: 1 | E117: Luis Rivero
A118: ADIDAS VICTORY LEAGUE MEN 3.4 OZ. EDT SP -NEW UPC | B118: 2 | C118: 20 | D118: 0
A119: AFNAN 9AM DIVE UNISEX 5.0 OZ EDP SP | B119: 0 | C119: 65 | D119: 1 | E119: Andreina
A120: AFNAN 9PM ELIXIR UNISEX 3.4 OZ PARFUM INTENSE | B120: 0 | C120: 70 | D120: 2 | E120: Hector Hidroamticos / Ciribeth Guerrero
A121: AFNAN 9PM MEN 3.4 OZ. EDP SP | B121: 2 | C121: 60 | D121: 1 | E121: Ciribeth Guerrero
A122: AFNAN 9PM REBEL (RED) UNISEX 3.4 OZ EDP SP | B122: 0 | C122: 70 | D122: 2 | E122: Yair Hidromaticos / Andreina
A123: AL HARAMAIN AMBER OUD AQUA DUBAI UNISEX 3.4 OZ EXTRAIT DE PARFUM | B123: 0 | C123: 85 | D123: 1 | E123: Ciribeth Guerrero
A124: ANTONIO BANDERAS BLACK SEDUCTION MEN 3.4 OZ. EDT SP-NEW UPC | B124: 1 | C124: 45 | D124: 2 | E124: Ciribeth Guerrero / Omar Guerra
A125: ARMAF CLUB DE NUIT INTENSE MEN 3.6 OZ. EDT SP | B125: 0 | C125: 60 | D125: 2 | E125: Ciribeth Guerrero / Omar Guerra
A126: ARMAF CLUB DE NUIT MILESTONE MEN 3.6 OZ. EDP | B126: 1 | C126: 70 | D126: 0
A127: ARMAF CLUB DE NUIT PRECIEUX 1 EXTRAIT DE PARFUM FOR MEN 1.85 OZ | B127: 0 | C127: 85 | D127: 1 | E127: Ciribeth Guerrero
A128: ARMAF CLUB DE NUIT WOMEN 3.6 OZ. EDP SP | B128: 0 | C128: 55 | D128: 2 | E128: Valentina Tribunal / Valentina Tribunal
...

Sheet Ventas
B3: CLIENTES
A6: N° | B6: Codigo | C6: Cliente | D6: Producto | E6: Precio | F6: Fecha | G6: Pago 1 | H6: Pago 2 | I6: Pago 3 | J6: Pago 4 | K6: Pago 5 | L6: Pago 6 | M6: Pago 7 | N6: Por pagar | O6: Fin Credito | P6: NOTA
A7: 1 | B7: 101 | C7: =IF(ISERROR(VLOOKUP(B7,CLIENTES!A:B,2,0)),"",VLOOKUP(B7,CLIENTES!A:B,2,0)) -> Gabriela Maykel | D7: BRITNEY SPEARS FANTASY HIDDEN WOMAN 3.3 OZ. EDP SP | E7: =IF(ISERROR(VLOOKUP(D7,'Lista de Precio '!A:C,3,0)),"",VLOOKUP(D7,'Lista de Precio '!A:C,3,0)) -> 45 | F7: 45837 | G7: 10 | H7: 10 | I7: 5 | J7: 10 | K7: 5 | L7: 5 | N7: =IF(D7="","",E7-G7-H7-I7-J7-K7-L7-M7) -> 0 | O7: 45898
A8: 2 | B8: 102 | C8: =IF(ISERROR(VLOOKUP(B8,CLIENTES!A:B,2,0)),"",VLOOKUP(B8,CLIENTES!A:B,2,0)) -> Genesis Torres | D8: ARIANA GRANDE SWEET LIKE CANDY WOMEN 3.4 OZ. EDP SP | E8: =IF(ISERROR(VLOOKUP(D8,'Lista de Precio '!A:C,3,0)),"",VLOOKUP(D8,'Lista de Precio '!A:C,3,0)) -> 75 | F8: 45837 | G8: 20 | H8: 20 | I8: 20 | J8: 15 | N8: =IF(D8="","",E8-G8-H8-I8-J8-K8-L8-M8) -> 0 | O8: 45898
A9: 3 | B9: 102 | C9: =IF(ISERROR(VLOOKUP(B9,CLIENTES!A:B,2,0)),"",VLOOKUP(B9,CLIENTES!A:B,2,0)) -> Genesis Torres | D9: ARIANA GRANDE CLOUD WOMEN 3.4 OZ. EDP SP | E9: =IF(ISERROR(VLOOKUP(D9,'Lista de Precio '!A:C,3,0)),"",VLOOKUP(D9,'Lista de Precio '!A:C,3,0)) -> 100 | F9: 45867 | G9: 20 | H9: 20 | I9: 20 | J9: 15 | K9: 25 | N9: =IF(D9="","",E9-G9-H9-I9-J9-K9-L9-M9) -> 0 | O9: 45898
A10: 4 | B10: 103 | C10: =IF(ISERROR(VLOOKUP(B10,CLIENTES!A:B,2,0)),"",VLOOKUP(B10,CLIENTES!A:B,2,0)) -> Wenrit Corro | D10: AFNAN 9PM REBEL (RED) UNISEX 3.4 OZ EDP SP | E10: =IF(ISERROR(VLOOKUP(D10,'Lista de Precio '!A:C,3,0)),"",VLOOKUP(D10,'Lista de Precio '!A:C,3,0)) -> 65 | F10: 45837 | G10: 20 | H10: 20 | I10: 20 | J10: 5 | N10: =IF(D10="","",E10-G10-H10-I10-J10-K10-L10-M10) -> 0 | O10: 45898 | P10: Luis Barbero
A11: 5 | B11: 104 | C11: =IF(ISERROR(VLOOKUP(B11,CLIENTES!A:B,2,0)),"",VLOOKUP(B11,CLIENTES!A:B,2,0)) -> Maria Quintana | D11: LATTAFA YARA TOUS WOMEN 3.4 OZ. EDP SP | E11: =IF(ISERROR(VLOOKUP(D11,'Lista de Precio '!A:C,3,0)),"",VLOOKUP(D11,'Lista de Precio '!A:C,3,0)) -> 55 | F11: 45837 | G11: 20 | H11: 20 | I11: 15 | N11: =IF(D11="","",E11-G11-H11-I11-J11-K11-L11-M11) -> 0 | O11: 45898
A12: 6 | B12: 105 | C12: =IF(ISERROR(VLOOKUP(B12,CLIENTES!A:B,2,0)),"",VLOOKUP(B12,CLIENTES!A:B,2,0)) -> Yonathan Gamez | D12: AFNAN 9AM DIVE UNISEX 3.4 OZ. EDP SP | E12: =IF(ISERROR(VLOOKUP(D12,'Lista de Precio '!A:C,3,0)),"",VLOOKUP(D12,'Lista de Precio '!A:C,3,0)) -> 60 | F12: 45837 | G12: 25 | H12: 20 | I12: 15 | N12: =IF(D12="","",E12-G12-H12-I12-J12-K12-L12-M12) -> 0 | O12: 45897
A13: 7 | B13: 105 | C13: =IF(ISERROR(VLOOKUP(B13,CLIENTES!A:B,2,0)),"",VLOOKUP(B13,CLIENTES!A:B,2,0)) -> Yonathan Gamez | D13: Stalin 53 (Pedido anterior) | E13: =IF(ISERROR(VLOOKUP(D13,'Lista de Precio '!A:C,3,0)),"",VLOOKUP(D13,'Lista de Precio '!A:C,3,0)) -> 50 | F13: 45837 | G13: 45 | H13: 5 | N13: =IF(D13="","",E13-G13-H13-I13-J13-K13-L13-M13) -> 0 | O13: 45898
A14: 8 | B14: 106 | C14: =IF(ISERROR(VLOOKUP(B14,CLIENTES!A:B,2,0)),"",VLOOKUP(B14,CLIENTES!A:B,2,0)) -> Nani | D14: AFNAN 9AM WOMEN 3.4 OZ. EDP SP | E14: =IF(ISERROR(VLOOKUP(D14,'Lista de Precio '!A:C,3,0)),"",VLOOKUP(D14,'Lista de Precio '!A:C,3,0)) -> 60 | F14: 45834 | G14: 30 | H14: 30 | N14: =IF(D14="","",E14-G14-H14-I14-J14-K14-L14-M14) -> 0 | O14: 45897
A15: 9 | B15: 107 | C15: =IF(ISERROR(VLOOKUP(B15,CLIENTES!A:B,2,0)),"",VLOOKUP(B15,CLIENTES!A:B,2,0)) -> Yusneidy Alarcon | D15: ARMAF CLUB DE NUIT URBAN ELIXIR MEN 3.6 OZ EDP SP | E15: =IF(ISERROR(VLOOKUP(D15,'Lista de Precio '!A:C,3,0)),"",VLOOKUP(D15,'Lista de Precio '!A:C,3,0)) -> 60 | F15: 45834 | G15: 30 | H15: 10 | I15: 20 | N15: =IF(D15="","",E15-G15-H15-I15-J15-K15-L15-M15) -> 0 | O15: 45897
A16: 10 | B16: 107 | C16: =IF(ISERROR(VLOOKUP(B16,CLIENTES!A:B,2,0)),"",VLOOKUP(B16,CLIENTES!A:B,2,0)) -> Yusneidy Alarcon | D16: PERRY ELLIS 360 COLLECTION ROSE WOMEN 3.4 OZ. SPRAY | E16: =IF(ISERROR(VLOOKUP(D16,'Lista de Precio '!A:C,3,0)),"",VLOOKUP(D16,'Lista de Precio '!A:C,3,0)) -> 45 | F16: 45834 | G16: 30 | H16: 10 | N16: =IF(D16="","",E16-G16-H16-I16-J16-K16-L16-M16) -> 5 | O16: 45897
A17: 11 | B17: 108 | C17: =IF(ISERROR(VLOOKUP(B17,CLIENTES!A:B,2,0)),"",VLOOKUP(B17,CLIENTES!A:B,2,0)) -> Yajaira | D17: PERRY ELLIS 360 COLLECTION ROSE WOMEN 3.4 OZ. SPRAY | E17: =IF(ISERROR(VLOOKUP(D17,'Lista de Precio '!A:C,3,0)),"",VLOOKUP(D17,'Lista de Precio '!A:C,3,0)) -> 45 | F17: 45834 | G17: 20 | N17: =IF(D17="","",E17-G17-H17-I17-J17-K17-L17-M17) -> 25 | O17: 45898
A18: 12 | B18: 108 | C18: =IF(ISERROR(VLOOKUP(B18,CLIENTES!A:B,2,0)),"",VLOOKUP(B18,CLIENTES!A:B,2,0)) -> Yajaira | D18: RASASI HAWAS ICE MEN 3.4 OZ EDP SP | E18: =IF(ISERROR(VLOOKUP(D18,'Lista de Precio '!A:C,3,0)),"",VLOOKUP(D18,'Lista de Precio '!A:C,3,0)) -> 60 | F18: 45834 | G18: 50 | N18: =IF(D18="","",E18-G18-H18-I18-J18-K18-L18-M18) -> 10 | O18: 45897
A19: 13 | B19: 108 | C19: =IF(ISERROR(VLOOKUP(B19,CLIENTES!A:B,2,0)),"",VLOOKUP(B19,CLIENTES!A:B,2,0)) -> Yajaira | D19: Nautica | E19: =IF(ISERROR(VLOOKUP(D19,'Lista de Precio '!A:C,3,0)),"",VLOOKUP(D19,'Lista de Precio '!A:C,3,0)) -> 40 | F19: 45834 | G19: 20 | N19: =IF(D19="","",E19-G19-H19-I19-J19-K19-L19-M19) -> 20 | O19: 45898
A20: 14 | B20: 109 | C20: =IF(ISERROR(VLOOKUP(B20,CLIENTES!A:B,2,0)),"",VLOOKUP(B20,CLIENTES!A:B,2,0)) -> Maria Mercedez | D20: BRITNEY SPEARS FANTASY WOMAN 3.4 OZ. EDP SP | E20: =IF(ISERROR(VLOOKUP(D20,'Lista de Precio '!A:C,3,0)),"",VLOOKUP(D20,'Lista de Precio '!A:C,3,0)) -> 45 | F20: 45838 | G20: 20 | N20: =IF(D20="","",E20-G20-H20-I20-J20-K20-L20-M20) -> 25 | O20: 45899
A21: 15 | B21: 110 | C21: =IF(ISERROR(VLOOKUP(B21,CLIENTES!A:B,2,0)),"",VLOOKUP(B21,CLIENTES!A:B,2,0)) -> Milana Medina | D21: CLINIQUE HAPPY WOMEN 3.4 OZ. EDP SPRAY | E21: =IF(ISERROR(VLOOKUP(D21,'Lista de Precio '!A:C,3,0)),"",VLOOKUP(D21,'Lista de Precio '!A:C,3,0)) -> 60 | F21: 45838 | G21: 20 | H21: 15 | I21: 10 | J21: 15 | N21: =IF(D21="","",E21-G21-H21-I21-J21-K21-L21-M21) -> 0 | O21: 45899
A22: 16 | B22: 111 | C22: =IF(ISERROR(VLOOKUP(B22,CLIENTES!A:B,2,0)),"",VLOOKUP(B22,CLIENTES!A:B,2,0)) -> Gregorio Salcedo | D22: ARMAF CLUB DE NUIT WOMEN 3.6 OZ. EDP SP | E22: =IF(ISERROR(VLOOKUP(D22,'Lista de Precio '!A:C,3,0)),"",VLOOKUP(D22,'Lista de Precio '!A:C,3,0)) -> 55 | F22: 45838 | G22: 40 | H22: 15 | N22: =IF(D22="","",E22-G22-H22-I22-J22-K22-L22-M22) -> 0 | O22: 45899
A23: 17 | B23: 111 | C23: =IF(ISERROR(VLOOKUP(B23,CLIENTES!A:B,2,0)),"",VLOOKUP(B23,CLIENTES!A:B,2,0)) -> Gregorio Salcedo | D23: AFNAN 9PM MEN 3.4 OZ. EDP SP | E23: =IF(ISERROR(VLOOKUP(D23,'Lista de Precio '!A:C,3,0)),"",VLOOKUP(D23,'Lista de Precio '!A:C,3,0)) -> 60 | F23: 45838 | G23: 40 | H23: 20 | N23: =IF(D23="","",E23-G23-H23-I23-J23-K23-L23-M23) -> 0 | O23: 45899
A24: 18 | B24: 112 | C24: =IF(ISERROR(VLOOKUP(B24,CLIENTES!A:B,2,0)),"",VLOOKUP(B24,CLIENTES!A:B,2,0)) -> Anyi Castillo | D24: ARMAF CLUB DE NUIT WOMEN 3.6 OZ. EDP SP | E24: =IF(ISERROR(VLOOKUP(D24,'Lista de Precio '!A:C,3,0)),"",VLOOKUP(D24,'Lista de Precio '!A:C,3,0)) -> 55 | F24: 45838 | G24: 10 | H24: 10 | I24: 20 | J24: 15 | N24: =IF(D24="","",E24-G24-H24-I24-J24-K24-L24-M24) -> 0 | O24: 45899
A25: 20 | B25: 114 | C25: =IF(ISERROR(VLOOKUP(B25,CLIENTES!A:B,2,0)),"",VLOOKUP(B25,CLIENTES!A:B,2,0)) -> Rosangela Medina | D25: ARMAF CHECKMATE QUEEN WOMEN 3.4 OZ EDP SP | E25: =IF(ISERROR(VLOOKUP(D25,'Lista de Precio '!A:C,3,0)),"",VLOOKUP(D25,'Lista de Precio '!A:C,3,0)) -> 65 | F25: 45838 | G25: 15 | H25: 15 | I25: 15 | J25: 10 | K25: 10 | N25: =IF(D25="","",E25-G25-H25-I25-J25-K25-L25-M25) -> 0 | O25: 45838
A26: 21 | B26: 115 | C26: =IF(ISERROR(VLOOKUP(B26,CLIENTES!A:B,2,0)),"",VLOOKUP(B26,CLIENTES!A:B,2,0)) -> Yuli R | D26: PERRY ELLIS 360 COLLECTION MAGNETIC PINK WOMEN 3.4 OZ EDP SP | E26: =IF(ISERROR(VLOOKUP(D26,'Lista de Precio '!A:C,3,0)),"",VLOOKUP(D26,'Lista de Precio '!A:C,3,0)) -> 50 | F26: 45838 | G26: 20 | H26: 20 | I26: 20 | N26: =IF(D26="","",E26-G26-H26-I26-J26-K26-L26-M26) -> -10 | O26: 45838
A27: 22 | B27: 116 | C27: =IF(ISERROR(VLOOKUP(B27,CLIENTES!A:B,2,0)),"",VLOOKUP(B27,CLIENTES!A:B,2,0)) -> Neuris | D27: BRITNEY SPEARS PREROGATIVE RAVE WOMAN 3.4 OZ. EDP SP | E27: =IF(ISERROR(VLOOKUP(D27,'Lista de Precio '!A:C,3,0)),"",VLOOKUP(D27,'Lista de Precio '!A:C,3,0)) -> 45 | F27: 45838 | G27: 20 | H27: 20 | I27: 5 | N27: =IF(D27="","",E27-G27-H27-I27-J27-K27-L27-M27) -> 0 | O27: 45899
A28: 24 | B28: 118 | C28: =IF(ISERROR(VLOOKUP(B28,CLIENTES!A:B,2,0)),"",VLOOKUP(B28,CLIENTES!A:B,2,0)) -> Wilson Gonzales | D28: DIESEL PLUS PLUS MEN 2.5 OZ. EDT | E28: =IF(ISERROR(VLOOKUP(D28,'Lista de Precio '!A:C,3,0)),"",VLOOKUP(D28,'Lista de Precio '!A:C,3,0)) -> 40 | F28: 45838 | G28: 15 | H28: 25 | N28: =IF(D28="","",E28-G28-H28-I28-J28-K28-L28-M28) -> 0 | O28: 45899
A29: 25 | B29: 119 | C29: =IF(ISERROR(VLOOKUP(B29,CLIENTES!A:B,2,0)),"",VLOOKUP(B29,CLIENTES!A:B,2,0)) -> Hector Hidromaticos | D29: RASASI HAWAS ICE MEN 3.4 OZ EDP SP | E29: =IF(ISERROR(VLOOKUP(D29,'Lista de Precio '!A:C,3,0)),"",VLOOKUP(D29,'Lista de Precio '!A:C,3,0)) -> 60 | F29: 45838 | G29: 40 | H29: 20 | N29: =IF(D29="","",E29-G29-H29-I29-J29-K29-L29-M29) -> 0 | O29: 45899 | P29: 13$ cuenta Vieja
A30: 26 | B30: 119 | C30: =IF(ISERROR(VLOOKUP(B30,CLIENTES!A:B,2,0)),"",VLOOKUP(B30,CLIENTES!A:B,2,0)) -> Hector Hidromaticos | D30: BRITNEY SPEARS PREROGATIVE RAVE WOMAN 3.4 OZ. EDP SP | E30: =IF(ISERROR(VLOOKUP(D30,'Lista de Precio '!A:C,3,0)),"",VLOOKUP(D30,'Lista de Precio '!A:C,3,0)) -> 45 | F30: 45838 | G30: 20 | H30: 20 | I30: 5 | N30: =IF(D30="","",E30-G30-H30-I30-J30-K30-L30-M30) -> 0 | O30: 45899 | P30: queda en 53
A31: 27 | B31: 120 | C31: =IF(ISERROR(VLOOKUP(B31,CLIENTES!A:B,2,0)),"",VLOOKUP(B31,CLIENTES!A:B,2,0)) -> Junior Hidromaticos | D31: ARMAF CLUB NUIT INTENSE WOMEN 3.6 OZ. EDP SP | E31: =IF(ISERROR(VLOOKUP(D31,'Lista de Precio '!A:C,3,0)),"",VLOOKUP(D31,'Lista de Precio '!A:C,3,0)) -> 55 | F31: 45838 | G31: 25 | H31: 20 | I31: 5 | N31: =IF(D31="","",E31-G31-H31-I31-J31-K31-L31-M31) -> 5 | O31: 45899 | P31: 5
A32: 28 | B32: 120 | C32: =IF(ISERROR(VLOOKUP(B32,CLIENTES!A:B,2,0)),"",VLOOKUP(B32,CLIENTES!A:B,2,0)) -> Junior Hidromaticos | D32: ARMAF ODYSSEY SPECTRA MEN 3.4 OZ EDP SP | E32: =IF(ISERROR(VLOOKUP(D32,'Lista de Precio '!A:C,3,0)),"",VLOOKUP(D32,'Lista de Precio '!A:C,3,0)) -> 65 | F32: 45838 | G32: 20 | H32: 20 | I32: 20 | N32: =IF(D32="","",E32-G32-H32-I32-J32-K32-L32-M32) -> 5 | O32: 45899
A33: 29 | B33: 121 | C33: =IF(ISERROR(VLOOKUP(B33,CLIENTES!A:B,2,0)),"",VLOOKUP(B33,CLIENTES!A:B,2,0)) -> Grise Hidromaticos | D33: PERRY ELLIS 360 COLLECTION WOMEN 3.4 OZ. EDP SPRAY | E33: =IF(ISERROR(VLOOKUP(D33,'Lista de Precio '!A:C,3,0)),"",VLOOKUP(D33,'Lista de Precio '!A:C,3,0)) -> 45 | F33: 45838 | G33: 20 | H33: 20 | N33: =IF(D33="","",E33-G33-H33-I33-J33-K33-L33-M33) -> 5 | O33: 45899
A34: 30 | B34: 122 | C34: =IF(ISERROR(VLOOKUP(B34,CLIENTES!A:B,2,0)),"",VLOOKUP(B34,CLIENTES!A:B,2,0)) -> Yeni Peña | D34: AL HARAMAIN AMBER OUD RUBY WOMEN 3.3 OZ. EDP SP | E34: =IF(ISERROR(VLOOKUP(D34,'Lista de Precio '!A:C,3,0)),"",VLOOKUP(D34,'Lista de Precio '!A:C,3,0)) -> 85 | F34: 45838 | G34: 30 | H34: 25 | I34: 25 | J34: 5 | N34: =IF(D34="","",E34-G34-H34-I34-J34-K34-L34-M34) -> 0 | O34: 45899
A35: 31 | B35: 122 | C35: =IF(ISERROR(VLOOKUP(B35,CLIENTES!A:B,2,0)),"",VLOOKUP(B35,CLIENTES!A:B,2,0)) -> Yeni Peña | D35: AL HARAMAIN AMBER OUD GOLD UNISEX 2.0 OZ EDP SP | E35: =IF(ISERROR(VLOOKUP(D35,'Lista de Precio '!A:C,3,0)),"",VLOOKUP(D35,'Lista de Precio '!A:C,3,0)) -> 73 | F35: 45838 | G35: 25 | H35: 20 | I35: 28 | N35: =IF(D35="","",E35-G35-H35-I35-J35-K35-L35-M35) -> 0 | O35: 45899
A36: 32 | B36: 123 | C36: =IF(ISERROR(VLOOKUP(B36,CLIENTES!A:B,2,0)),"",VLOOKUP(B36,CLIENTES!A:B,2,0)) -> Kristel Kowaski | D36: DIESEL PLUS PLUS WOMAN 2.5 OZ. EDT | E36: =IF(ISERROR(VLOOKUP(D36,'Lista de Precio '!A:C,3,0)),"",VLOOKUP(D36,'Lista de Precio '!A:C,3,0)) -> 40 | F36: 45839 | G36: 15 | H36: 10 | I36: 10 | J36: 5 | N36: =IF(D36="","",E36-G36-H36-I36-J36-K36-L36-M36) -> 0 | O36: 45901
A37: 33 | B37: 124 | C37: =IF(ISERROR(VLOOKUP(B37,CLIENTES!A:B,2,0)),"",VLOOKUP(B37,CLIENTES!A:B,2,0)) -> Edgar Oati | D37: ΑΝΤΟΝΙΟO BANDERAS BLUE SEDUCTION MEN 3.4 OZ EDT SP-NEW UPC | E37: =IF(ISERROR(VLOOKUP(D37,'Lista de Precio '!A:C,3,0)),"",VLOOKUP(D37,'Lista de Precio '!A:C,3,0)) -> 40 | F37: 45839 | G37: 20 | H37: 20 | N37: =IF(D37="","",E37-G37-H37-I37-J37-K37-L37-M37) -> 0 | O37: 45901
A38: 34 | B38: 125 | C38: =IF(ISERROR(VLOOKUP(B38,CLIENTES!A:B,2,0)),"",VLOOKUP(B38,CLIENTES!A:B,2,0)) -> Yerika Angulo | D38: PERRY ELLIS 360 CORAL WOMEN 3.4 OZ. EDP SP | E38: =IF(ISERROR(VLOOKUP(D38,'Lista de Precio '!A:C,3,0)),"",VLOOKUP(D38,'Lista de Precio '!A:C,3,0)) -> 45 | F38: 45839 | G38: 10 | H38: 10 | I38: 10 | J38: 10 | N38: =IF(D38="","",E38-G38-H38-I38-J38-K38-L38-M38) -> 5 | O38: 45839
A39: 35 | B39: 126 | C39: =IF(ISERROR(VLOOKUP(B39,CLIENTES!A:B,2,0)),"",VLOOKUP(B39,CLIENTES!A:B,2,0)) -> Paola Gomez | D39: BRITNEY SPEARS FANTASY HIDDEN WOMAN 3.3 OZ. EDP SP | E39: =IF(ISERROR(VLOOKUP(D39,'Lista de Precio '!A:C,3,0)),"",VLOOKUP(D39,'Lista de Precio '!A:C,3,0)) -> 45 | F39: 45839 | G39: 10 | H39: 20 | I39: 15 | N39: =IF(D39="","",E39-G39-H39-I39-J39-K39-L39-M39) -> 0 | O39: 45839
A40: 36 | B40: 127 | C40: =IF(ISERROR(VLOOKUP(B40,CLIENTES!A:B,2,0)),"",VLOOKUP(B40,CLIENTES!A:B,2,0)) -> Arma Neliz | D40: BRITNEY SPEARS FANTASY HIDDEN WOMAN 3.3 OZ. EDP SP | E40: =IF(ISERROR(VLOOKUP(D40,'Lista de Precio '!A:C,3,0)),"",VLOOKUP(D40,'Lista de Precio '!A:C,3,0)) -> 45 | F40: 45839 | N40: =IF(D40="","",E40-G40-H40-I40-J40-K40-L40-M40) -> 45 | O40: 45901
A41: 37 | B41: 128 | C41: =IF(ISERROR(VLOOKUP(B41,CLIENTES!A:B,2,0)),"",VLOOKUP(B41,CLIENTES!A:B,2,0)) -> Ciribeth Guerrero | D41: LATTAFA YARA MOI WOMEN 3.4 OZ EDP SP | E41: =IF(ISERROR(VLOOKUP(D41,'Lista de Precio '!A:C,3,0)),"",VLOOKUP(D41,'Lista de Precio '!A:C,3,0)) -> 55 | F41: 45839 | N41: =IF(D41="","",E41-G41-H41-I41-J41-K41-L41-M41) -> 55 | O41: 45901
A42: 38 | B42: 128 | C42: =IF(ISERROR(VLOOKUP(B42,CLIENTES!A:B,2,0)),"",VLOOKUP(B42,CLIENTES!A:B,2,0)) -> Ciribeth Guerrero | D42: Afnan Violet Bouquet woman (LUIS) | E42: =IF(ISERROR(VLOOKUP(D42,'Lista de Precio '!A:C,3,0)),"",VLOOKUP(D42,'Lista de Precio '!A:C,3,0)) -> 55 | F42: 45839 | G42: 20 | H42: 20 | N42: =IF(D42="","",E42-G42-H42-I42-J42-K42-L42-M42) -> 15 | O42: 45901 | P42: 55$ Luis
A43: 39 | B43: 102 | C43: =IF(ISERROR(VLOOKUP(B43,CLIENTES!A:B,2,0)),"",VLOOKUP(B43,CLIENTES!A:B,2,0)) -> Genesis Torres | D43: DIESEL PLUS PLUS WOMAN 2.5 OZ. EDT | E43: =IF(ISERROR(VLOOKUP(D43,'Lista de Precio '!A:C,3,0)),"",VLOOKUP(D43,'Lista de Precio '!A:C,3,0)) -> 40 | F43: 45839 | G43: 20 | H43: 20 | N43: =IF(D43="","",E43-G43-H43-I43-J43-K43-L43-M43) -> 0 | O43: 45901
A44: 40 | B44: 129 | C44: =IF(ISERROR(VLOOKUP(B44,CLIENTES!A:B,2,0)),"",VLOOKUP(B44,CLIENTES!A:B,2,0)) -> Reinaldo Davila | D44: AFNAN 9PM REBEL (RED) UNISEX 3.4 OZ EDP SP | E44: =IF(ISERROR(VLOOKUP(D44,'Lista de Precio '!A:C,3,0)),"",VLOOKUP(D44,'Lista de Precio '!A:C,3,0)) -> 65 | F44: 45839 | G44: 10 | H44: 15 | I44: 10 | J44: 20 | K44: 10 | N44: =IF(D44="","",E44-G44-H44-I44-J44-K44-L44-M44) -> 0 | O44: 45901
A45: 41 | B45: 130 | C45: =IF(ISERROR(VLOOKUP(B45,CLIENTES!A:B,2,0)),"",VLOOKUP(B45,CLIENTES!A:B,2,0)) -> Maria de los Angueles Peña | D45: CAROLINA HERRERA CHIC WOMAN 2.7 OZ. EDP SP | E45: =IF(ISERROR(VLOOKUP(D45,'Lista de Precio '!A:C,3,0)),"",VLOOKUP(D45,'Lista de Precio '!A:C,3,0)) -> 65 | F45: 45839 | G45: 30 | H45: 20 | I45: 15 | N45: =IF(D45="","",E45-G45-H45-I45-J45-K45-L45-M45) -> 0 | O45: 45901
A46: 42 | B46: 131 | C46: =IF(ISERROR(VLOOKUP(B46,CLIENTES!A:B,2,0)),"",VLOOKUP(B46,CLIENTES!A:B,2,0)) -> Michell Mendez | D46: LATTAFA YARA MOI WOMEN 3.4 OZ EDP SP | E46: =IF(ISERROR(VLOOKUP(D46,'Lista de Precio '!A:C,3,0)),"",VLOOKUP(D46,'Lista de Precio '!A:C,3,0)) -> 55 | F46: 45839 | G46: 20 | H46: 20 | I46: 15 | N46: =IF(D46="","",E46-G46-H46-I46-J46-K46-L46-M46) -> 0 | O46: 45901
A47: 43 | B47: 132 | C47: =IF(ISERROR(VLOOKUP(B47,CLIENTES!A:B,2,0)),"",VLOOKUP(B47,CLIENTES!A:B,2,0)) -> Cesar Chourio | D47: ARMAF ODYSSEY SPECTRA MEN 3.4 OZ EDP SP | E47: =IF(ISERROR(VLOOKUP(D47,'Lista de Precio '!A:C,3,0)),"",VLOOKUP(D47,'Lista de Precio '!A:C,3,0)) -> 65 | F47: 45839 | N47: =IF(D47="","",E47-G47-H47-I47-J47-K47-L47-M47) -> 65 | O47: 45901
A48: 44 | B48: 133 | C48: =IF(ISERROR(VLOOKUP(B48,CLIENTES!A:B,2,0)),"",VLOOKUP(B48,CLIENTES!A:B,2,0)) -> Moraima Dar | D48: PARIS HILTON WOMEN 3.4 OZ. EDP SP | E48: =IF(ISERROR(VLOOKUP(D48,'Lista de Precio '!A:C,3,0)),"",VLOOKUP(D48,'Lista de Precio '!A:C,3,0)) -> 50 | F48: 45839 | G48: 10 | H48: 10 | I48: 10 | J48: 5 | K48: 15 | N48: =IF(D48="","",E48-G48-H48-I48-J48-K48-L48-M48) -> 0 | O48: 45901
A49: 45 | B49: 132 | C49: =IF(ISERROR(VLOOKUP(B49,CLIENTES!A:B,2,0)),"",VLOOKUP(B49,CLIENTES!A:B,2,0)) -> Cesar Chourio | D49: CAROLINA HERRERA BAD BOY COBALTO MEN 3.4 OZ EDP SP | E49: =IF(ISERROR(VLOOKUP(D49,'Lista de Precio '!A:C,3,0)),"",VLOOKUP(D49,'Lista de Precio '!A:C,3,0)) -> 130 | F49: 45839 | N49: =IF(D49="","",E49-G49-H49-I49-J49-K49-L49-M49) -> 130
A50: 46 | B50: 132 | C50: =IF(ISERROR(VLOOKUP(B50,CLIENTES!A:B,2,0)),"",VLOOKUP(B50,CLIENTES!A:B,2,0)) -> Cesar Chourio | D50: KIDS DISNEY GUARDIANS OF THE GALAXY BY MARVEL MEN 3.3 OZ EDT SP-AIR VAL | E50: =IF(ISERROR(VLOOKUP(D50,'Lista de Precio '!A:C,3,0)),"",VLOOKUP(D50,'Lista de Precio '!A:C,3,0)) -> 30 | N50: =IF(D50="","",E50-G50-H50-I50-J50-K50-L50-M50) -> 30
A51: 47 | B51: 132 | C51: =IF(ISERROR(VLOOKUP(B51,CLIENTES!A:B,2,0)),"",VLOOKUP(B51,CLIENTES!A:B,2,0)) -> Cesar Chourio | D51: KIDS DISNEY MINNIE MOUSE 3.4 OZ. EDT SP - AIR VAL | E51: =IF(ISERROR(VLOOKUP(D51,'Lista de Precio '!A:C,3,0)),"",VLOOKUP(D51,'Lista de Precio '!A:C,3,0)) -> 30 | N51: =IF(D51="","",E51-G51-H51-I51-J51-K51-L51-M51) -> 30
A52: 49 | B52: 134 | C52: =IF(ISERROR(VLOOKUP(B52,CLIENTES!A:B,2,0)),"",VLOOKUP(B52,CLIENTES!A:B,2,0)) -> Raquel Dar | D52: PERRY ELLIS 360 COLLECTION WOMEN 3.4 OZ. EDP SPRAY | E52: =IF(ISERROR(VLOOKUP(D52,'Lista de Precio '!A:C,3,0)),"",VLOOKUP(D52,'Lista de Precio '!A:C,3,0)) -> 45 | F52: 45840 | G52: 15 | H52: 15 | I52: 15 | N52: =IF(D52="","",E52-G52-H52-I52-J52-K52-L52-M52) -> 0 | O52: 45902
A53: 50 | B53: 135 | C53: =IF(ISERROR(VLOOKUP(B53,CLIENTES!A:B,2,0)),"",VLOOKUP(B53,CLIENTES!A:B,2,0)) -> Eladio Torres | D53: PERRY ELLIS 360 CORAL WOMEN 3.4 OZ. EDP SP | E53: =IF(ISERROR(VLOOKUP(D53,'Lista de Precio '!A:C,3,0)),"",VLOOKUP(D53,'Lista de Precio '!A:C,3,0)) -> 45 | F53: 45841 | G53: 10 | H53: 10 | I53: 10 | J53: 10 | K53: 5 | N53: =IF(D53="","",E53-G53-H53-I53-J53-K53-L53-M53) -> 0 | O53: 45903
A54: 49 | B54: 137 | C54: =IF(ISERROR(VLOOKUP(B54,CLIENTES!A:B,2,0)),"",VLOOKUP(B54,CLIENTES!A:B,2,0)) -> Diana Ardila | D54: PERRY ELLIS 360 PINK WOMEN 3.4 OZ. EDP SP | E54: =IF(ISERROR(VLOOKUP(D54,'Lista de Precio '!A:C,3,0)),"",VLOOKUP(D54,'Lista de Precio '!A:C,3,0)) -> 45 | F54: 45842 | G54: 5 | H54: 20 | N54: =IF(D54="","",E54-G54-H54-I54-J54-K54-L54-M54) -> 20 | O54: 45904
A55: 50 | B55: 128 | C55: =IF(ISERROR(VLOOKUP(B55,CLIENTES!A:B,2,0)),"",VLOOKUP(B55,CLIENTES!A:B,2,0)) -> Ciribeth Guerrero | D55: ΑΝΤΟΝΙΟO BANDERAS BLUE SEDUCTION MEN 3.4 OZ EDT SP-NEW UPC | E55: =IF(ISERROR(VLOOKUP(D55,'Lista de Precio '!A:C,3,0)),"",VLOOKUP(D55,'Lista de Precio '!A:C,3,0)) -> 40 | F55: 45843 | G55: 20 | H55: 20 | N55: =IF(D55="","",E55-G55-H55-I55-J55-K55-L55-M55) -> 0 | O55: 45905 | P55: MAJANO
A56: 49 | B56: 128 | C56: =IF(ISERROR(VLOOKUP(B56,CLIENTES!A:B,2,0)),"",VLOOKUP(B56,CLIENTES!A:B,2,0)) -> Ciribeth Guerrero | D56: ARMAF ODYSSEY BLACK MEN 3.4 OZ. EDP SP | E56: =IF(ISERROR(VLOOKUP(D56,'Lista de Precio '!A:C,3,0)),"",VLOOKUP(D56,'Lista de Precio '!A:C,3,0)) -> 55 | F56: 45843 | G56: 20 | H56: 15 | I56: 20 | N56: =IF(D56="","",E56-G56-H56-I56-J56-K56-L56-M56) -> 0 | O56: 45905 | P56: MAJANO
A57: 50 | B57: 128 | C57: =IF(ISERROR(VLOOKUP(B57,CLIENTES!A:B,2,0)),"",VLOOKUP(B57,CLIENTES!A:B,2,0)) -> Ciribeth Guerrero | D57: DIESEL PLUS PLUS WOMAN 2.5 OZ. EDT | E57: =IF(ISERROR(VLOOKUP(D57,'Lista de Precio '!A:C,3,0)),"",VLOOKUP(D57,'Lista de Precio '!A:C,3,0)) -> 40 | F57: 45843 | G57: 40 | H57: 20 | N57: =IF(D57="","",E57-G57-H57-I57-J57-K57-L57-M57) -> -20 | O57: 45905 | P57: ROJAS
A58: 49 | B58: 128 | C58: =IF(ISERROR(VLOOKUP(B58,CLIENTES!A:B,2,0)),"",VLOOKUP(B58,CLIENTES!A:B,2,0)) -> Ciribeth Guerrero | D58: Stalin 53 (Pedido anterior) | E58: =IF(ISERROR(VLOOKUP(D58,'Lista de Precio '!A:C,3,0)),"",VLOOKUP(D58,'Lista de Precio '!A:C,3,0)) -> 50 | F58: 45843 | G58: 40 | H58: 30 | N58: =IF(D58="","",E58-G58-H58-I58-J58-K58-L58-M58) -> -20 | O58: 45905 | P58: ROJAS
A59: 50 | B59: 128 | C59: =IF(ISERROR(VLOOKUP(B59,CLIENTES!A:B,2,0)),"",VLOOKUP(B59,CLIENTES!A:B,2,0)) -> Ciribeth Guerrero | D59: ARMAF CLUB DE NUIT INTENSE MEN 2.37 OZ EXTRAIT DE PARFUM SP | E59: =IF(ISERROR(VLOOKUP(D59,'Lista de Precio '!A:C,3,0)),"",VLOOKUP(D59,'Lista de Precio '!A:C,3,0)) -> 65 | F59: 45843 | N59: =IF(D59="","",E59-G59-H59-I59-J59-K59-L59-M59) -> 65 | O59: 45905 | P59: PEREZ
A60: 49 | B60: 128 | C60: =IF(ISERROR(VLOOKUP(B60,CLIENTES!A:B,2,0)),"",VLOOKUP(B60,CLIENTES!A:B,2,0)) -> Ciribeth Guerrero | D60: AFNAN 9PM MEN 3.4 OZ. EDP SP | E60: =IF(ISERROR(VLOOKUP(D60,'Lista de Precio '!A:C,3,0)),"",VLOOKUP(D60,'Lista de Precio '!A:C,3,0)) -> 60 | F60: 45843 | G60: 20 | H60: 30 | I60: 10 | N60: =IF(D60="","",E60-G60-H60-I60-J60-K60-L60-M60) -> 0 | O60: 45905 | P60: RANGUEL
A61: 50 | B61: 128 | C61: =IF(ISERROR(VLOOKUP(B61,CLIENTES!A:B,2,0)),"",VLOOKUP(B61,CLIENTES!A:B,2,0)) -> Ciribeth Guerrero | D61: BHARARA KING MEN 3.4 OZ. EDP SP | E61: =IF(ISERROR(VLOOKUP(D61,'Lista de Precio '!A:C,3,0)),"",VLOOKUP(D61,'Lista de Precio '!A:C,3,0)) -> 90 | F61: 45843 | G61: 90 | N61: =IF(D61="","",E61-G61-H61-I61-J61-K61-L61-M61) -> 0 | O61: 45905 | P61: HERMANO
A62: 49 | B62: 128 | C62: =IF(ISERROR(VLOOKUP(B62,CLIENTES!A:B,2,0)),"",VLOOKUP(B62,CLIENTES!A:B,2,0)) -> Ciribeth Guerrero | D62: ARMAF CLUB INTENSE PARFUM MEN 3.6 OZ. EDP LIMITED EDITION | E62: =IF(ISERROR(VLOOKUP(D62,'Lista de Precio '!A:C,3,0)),"",VLOOKUP(D62,'Lista de Precio '!A:C,3,0)) -> 100 | F62: 45843 | G62: 100 | N62: =IF(D62="","",E62-G62-H62-I62-J62-K62-L62-M62) -> 0 | O62: 45905 | P62: HERMANO
A63: 50 | B63: 128 | C63: =IF(ISERROR(VLOOKUP(B63,CLIENTES!A:B,2,0)),"",VLOOKUP(B63,CLIENTES!A:B,2,0)) -> Ciribeth Guerrero | D63: Club de niut Sillje | E63: =IF(ISERROR(VLOOKUP(D63,'Lista de Precio '!A:C,3,0)),"",VLOOKUP(D63,'Lista de Precio '!A:C,3,0)) -> 55 | F63: 45843 | G63: 20 | H63: 10 | I63: 25 | N63: =IF(D63="","",E63-G63-H63-I63-J63-K63-L63-M63) -> 0 | O63: 45905 | P63: HERMANO (Luis)
A64: 57.322034 | B64: 136 | C64: =IF(ISERROR(VLOOKUP(B64,CLIENTES!A:B,2,0)),"",VLOOKUP(B64,CLIENTES!A:B,2,0)) -> Luis Rivero | D64: PERRY ELLIS 360 WOMEN 6.8 OZ. EDT SPRAY | E64: =IF(ISERROR(VLOOKUP(D64,'Lista de Precio '!A:C,3,0)),"",VLOOKUP(D64,'Lista de Precio '!A:C,3,0)) -> 60 | F64: 45843 | G64: 20 | H64: 20 | I64: 20 | N64: =IF(D64="","",E64-G64-H64-I64-J64-K64-L64-M64) -> 0 | O64: 45905 | P64: Yoselin
A65: 58.234232 | B65: 136 | C65: =IF(ISERROR(VLOOKUP(B65,CLIENTES!A:B,2,0)),"",VLOOKUP(B65,CLIENTES!A:B,2,0)) -> Luis Rivero | D65: BRITNEY SPEARS CURIOUS WOMAN 3.3 EDP SP | E65: =IF(ISERROR(VLOOKUP(D65,'Lista de Precio '!A:C,3,0)),"",VLOOKUP(D65,'Lista de Precio '!A:C,3,0)) -> 45 | F65: 45843 | G65: 25 | H65: 20 | N65: =IF(D65="","",E65-G65-H65-I65-J65-K65-L65-M65) -> 0 | O65: 45905 | P65: Yoselin
A66: 59.14643 | B66: 136 | C66: =IF(ISERROR(VLOOKUP(B66,CLIENTES!A:B,2,0)),"",VLOOKUP(B66,CLIENTES!A:B,2,0)) -> Luis Rivero | D66: BRITNEY SPEARS PREROGATIVE RAVE WOMAN 3.4 OZ. EDP SP | E66: =IF(ISERROR(VLOOKUP(D66,'Lista de Precio '!A:C,3,0)),"",VLOOKUP(D66,'Lista de Precio '!A:C,3,0)) -> 45 | F66: 45843 | G66: 15 | H66: 15 | I66: 15 | N66: =IF(D66="","",E66-G66-H66-I66-J66-K66-L66-M66) -> 0 | O66: 45905 | P66: Paola Chimi
A67: 60.058627 | B67: 136 | C67: =IF(ISERROR(VLOOKUP(B67,CLIENTES!A:B,2,0)),"",VLOOKUP(B67,CLIENTES!A:B,2,0)) -> Luis Rivero | D67: BRITNEY SPEARS FANTASY HIDDEN WOMAN 3.3 OZ. EDP SP | E67: =IF(ISERROR(VLOOKUP(D67,'Lista de Precio '!A:C,3,0)),"",VLOOKUP(D67,'Lista de Precio '!A:C,3,0)) -> 45 | F67: 45843 | G67: 10 | H67: 5 | I67: 10 | J67: 15 | K67: 20 | L67: 15 | M67: 15 | N67: =IF(D67="","",E67-G67-H67-I67-J67-K67-L67-M67) -> -45 | O67: 45905
A68: 60.970825 | B68: 136 | C68: =IF(ISERROR(VLOOKUP(B68,CLIENTES!A:B,2,0)),"",VLOOKUP(B68,CLIENTES!A:B,2,0)) -> Luis Rivero | D68: AFNAN 9PM MEN 3.4 OZ. EDP SP | E68: =IF(ISERROR(VLOOKUP(D68,'Lista de Precio '!A:C,3,0)),"",VLOOKUP(D68,'Lista de Precio '!A:C,3,0)) -> 60 | F68: 45843 | G68: 40 | H68: 10 | N68: =IF(D68="","",E68-G68-H68-I68-J68-K68-L68-M68) -> 10 | O68: 45905 | P68: Debe luis 10
A69: 61.883023 | B69: 136 | C69: =IF(ISERROR(VLOOKUP(B69,CLIENTES!A:B,2,0)),"",VLOOKUP(B69,CLIENTES!A:B,2,0)) -> Luis Rivero | D69: AFNAN 9PM REBEL (RED) UNISEX 3.4 OZ EDP SP | E69: =IF(ISERROR(VLOOKUP(D69,'Lista de Precio '!A:C,3,0)),"",VLOOKUP(D69,'Lista de Precio '!A:C,3,0)) -> 65 | F69: 45843 | G69: 10 | H69: 10 | I69: 10 | J69: 10 | K69: 10 | L69: 25 | N69: =IF(D69="","",E69-G69-H69-I69-J69-K69-L69-M69) -> -10 | O69: 45905
A70: 62.795221 | B70: 136 | C70: =IF(ISERROR(VLOOKUP(B70,CLIENTES!A:B,2,0)),"",VLOOKUP(B70,CLIENTES!A:B,2,0)) -> Luis Rivero | D70: ADIDAS VICTORY LEAGUE MEN 3.4 OZ. EDT SP-NEW UPC | E70: =IF(ISERROR(VLOOKUP(D70,'Lista de Precio '!A:C,3,0)),"",VLOOKUP(D70,'Lista de Precio '!A:C,3,0)) -> 28.5 | F70: 45843 | G70: 10 | H70: 5 | I70: 13.5 | N70: =IF(D70="","",E70-G70-H70-I70-J70-K70-L70-M70) -> 0 | O70: 45905
A71: 63.707419 | B71: 136 | C71: =IF(ISERROR(VLOOKUP(B71,CLIENTES!A:B,2,0)),"",VLOOKUP(B71,CLIENTES!A:B,2,0)) -> Luis Rivero | D71: CLINIQUE HAPPY WOMEN 3.4 OZ. EDP SPRAY | E71: =IF(ISERROR(VLOOKUP(D71,'Lista de Precio '!A:C,3,0)),"",VLOOKUP(D71,'Lista de Precio '!A:C,3,0)) -> 60 | F71: 45843 | G71: 35 | H71: 10 | I71: 15 | N71: =IF(D71="","",E71-G71-H71-I71-J71-K71-L71-M71) -> 0 | O71: 45905
A72: 64.619617 | B72: 139 | C72: =IF(ISERROR(VLOOKUP(B72,CLIENTES!A:B,2,0)),"",VLOOKUP(B72,CLIENTES!A:B,2,0)) -> Wendy Rondon | D72: CLINIQUE HAPPY WOMEN 3.4 OZ. EDP SPRAY | E72: =IF(ISERROR(VLOOKUP(D72,'Lista de Precio '!A:C,3,0)),"",VLOOKUP(D72,'Lista de Precio '!A:C,3,0)) -> 60 | F72: 45843 | N72: =IF(D72="","",E72-G72-H72-I72-J72-K72-L72-M72) -> 60 | O72: 45905
A73: 65.531814 | B73: 117 | C73: =IF(ISERROR(VLOOKUP(B73,CLIENTES!A:B,2,0)),"",VLOOKUP(B73,CLIENTES!A:B,2,0)) -> Yelismar Solano | D73: CAROLINA HERRERA CHIC WOMAN 2.7 OZ. EDP SP | E73: =IF(ISERROR(VLOOKUP(D73,'Lista de Precio '!A:C,3,0)),"",VLOOKUP(D73,'Lista de Precio '!A:C,3,0)) -> 65 | F73: 45843 | N73: =IF(D73="","",E73-G73-H73-I73-J73-K73-L73-M73) -> 65 | O73: 45905
A74: 66.444012 | B74: 128 | C74: =IF(ISERROR(VLOOKUP(B74,CLIENTES!A:B,2,0)),"",VLOOKUP(B74,CLIENTES!A:B,2,0)) -> Ciribeth Guerrero | D74: AL HARAMAIN AMBER OUD GOLD UNISEX 2.0 OZ EDP SP | E74: =IF(ISERROR(VLOOKUP(D74,'Lista de Precio '!A:C,3,0)),"",VLOOKUP(D74,'Lista de Precio '!A:C,3,0)) -> 73 | F74: 9/7/20025 | G74: 20 | H74: 40 | I74: 5 | N74: =IF(D74="","",E74-G74-H74-I74-J74-K74-L74-M74) -> 8 | O74: 9/7/20025 | P74: RANGUEL
A75: 67.35621 | B75: 128 | C75: =IF(ISERROR(VLOOKUP(B75,CLIENTES!A:B,2,0)),"",VLOOKUP(B75,CLIENTES!A:B,2,0)) -> Ciribeth Guerrero | D75: AL HARAMAIN AMBER OUD PRIVATE EDITION UNISEX 2.0 OZ EDP SP | E75: =IF(ISERROR(VLOOKUP(D75,'Lista de Precio '!A:C,3,0)),"",VLOOKUP(D75,'Lista de Precio '!A:C,3,0)) -> 85 | F75: 9/7/20025 | G75: 30 | H75: 55 | N75: =IF(D75="","",E75-G75-H75-I75-J75-K75-L75-M75) -> 0 | O75: 9/7/20025 | P75: RANGUEL
A76: 68.268408 | B76: 136 | C76: =IF(ISERROR(VLOOKUP(B76,CLIENTES!A:B,2,0)),"",VLOOKUP(B76,CLIENTES!A:B,2,0)) -> Luis Rivero | D76: ΑΝΤΟΝΙΟO BANDERAS BLUE SEDUCTION MEN 3.4 OZ EDT SP-NEW UPC | E76: =IF(ISERROR(VLOOKUP(D76,'Lista de Precio '!A:C,3,0)),"",VLOOKUP(D76,'Lista de Precio '!A:C,3,0)) -> 40 | F76: 45843 | G76: 10 | N76: =IF(D76="","",E76-G76-H76-I76-J76-K76-L76-M76) -> 30 | O76: 45905 | P76: Luis Alejandro (luis 30)
A77: 69.180606 | B77: 140 | C77: =IF(ISERROR(VLOOKUP(B77,CLIENTES!A:B,2,0)),"",VLOOKUP(B77,CLIENTES!A:B,2,0)) -> Danco Papel | D77: ARMAF CLUB DE NUIT PRECIEUX 1 EXTRAIT DE PARFUM FOR ΜΕΝ 1.85 OZ | E77: =IF(ISERROR(VLOOKUP(D77,'Lista de Precio '!A:C,3,0)),"",VLOOKUP(D77,'Lista de Precio '!A:C,3,0)) -> 95 | F77: 45850 | G77: 13 | H77: 40 | I77: 13 | J77: 29 | N77: =IF(D77="","",E77-G77-H77-I77-J77-K77-L77-M77) -> 0 | O77: 45912
A78: 70.092804 | B78: 141 | C78: =IF(ISERROR(VLOOKUP(B78,CLIENTES!A:B,2,0)),"",VLOOKUP(B78,CLIENTES!A:B,2,0)) -> Homer Danco | D78: ADIDAS ICE DIVE MEN 3.4 OZ. EDT | E78: =IF(ISERROR(VLOOKUP(D78,'Lista de Precio '!A:C,3,0)),"",VLOOKUP(D78,'Lista de Precio '!A:C,3,0)) -> 28.5 | F78: 45850 | G78: 10 | H78: 5 | I78: 10 | J78: 3.5 | N78: =IF(D78="","",E78-G78-H78-I78-J78-K78-L78-M78) -> 0 | O78: 45912
A79: 71.005001 | B79: 142 | C79: =IF(ISERROR(VLOOKUP(B79,CLIENTES!A:B,2,0)),"",VLOOKUP(B79,CLIENTES!A:B,2,0)) -> Maykel | D79: ARMAF CLUB DE NUIT PRECIEUX 1 EXTRAIT DE PARFUM FOR ΜΕΝ 1.85 OZ | E79: =IF(ISERROR(VLOOKUP(D79,'Lista de Precio '!A:C,3,0)),"",VLOOKUP(D79,'Lista de Precio '!A:C,3,0)) -> 95 | F79: 45850 | N79: =IF(D79="","",E79-G79-H79-I79-J79-K79-L79-M79) -> 95 | O79: 45912
A80: 71.917199 | B80: 105 | C80: =IF(ISERROR(VLOOKUP(B80,CLIENTES!A:B,2,0)),"",VLOOKUP(B80,CLIENTES!A:B,2,0)) -> Yonathan Gamez | D80: BRITNEY SPEARS PREROGATIVE RAVE WOMAN 3.4 OZ. EDP SP | E80: =IF(ISERROR(VLOOKUP(D80,'Lista de Precio '!A:C,3,0)),"",VLOOKUP(D80,'Lista de Precio '!A:C,3,0)) -> 45 | F80: 45852 | N80: =IF(D80="","",E80-G80-H80-I80-J80-K80-L80-M80) -> #VALUE! | O80: 45914
A81: 72.829397 | B81: 140 | C81: =IF(ISERROR(VLOOKUP(B81,CLIENTES!A:B,2,0)),"",VLOOKUP(B81,CLIENTES!A:B,2,0)) -> Danco Papel | D81: PERRY ELLIS 360 COLLECTION MAGNETIC PINK WOMEN 3.4 OZ EDP SP | E81: =IF(ISERROR(VLOOKUP(D81,'Lista de Precio '!A:C,3,0)),"",VLOOKUP(D81,'Lista de Precio '!A:C,3,0)) -> 50 | F81: 45852 | G81: 11 | H81: 39 | N81: =IF(D81="","",E81-G81-H81-I81-J81-K81-L81-M81) -> 0 | O81: 45914
A82: 73.741595 | B82: 143 | C82: =IF(ISERROR(VLOOKUP(B82,CLIENTES!A:B,2,0)),"",VLOOKUP(B82,CLIENTES!A:B,2,0)) -> Jean Molina | D82: AL HARAMAIN AMBER OUD GOLD UNISEX 2.0 OZ EDP SP | E82: =IF(ISERROR(VLOOKUP(D82,'Lista de Precio '!A:C,3,0)),"",VLOOKUP(D82,'Lista de Precio '!A:C,3,0)) -> 73 | F82: 45852 | G82: 73 | N82: =IF(D82="","",E82-G82-H82-I82-J82-K82-L82-M82) -> 0 | O82: 45914
A83: 74.653793 | B83: 143 | C83: =IF(ISERROR(VLOOKUP(B83,CLIENTES!A:B,2,0)),"",VLOOKUP(B83,CLIENTES!A:B,2,0)) -> Jean Molina | D83: DIESEL PLUS PLUS WOMAN 2.5 OZ. EDT | E83: =IF(ISERROR(VLOOKUP(D83,'Lista de Precio '!A:C,3,0)),"",VLOOKUP(D83,'Lista de Precio '!A:C,3,0)) -> 40 | F83: 45852 | G83: 35 | H83: 5 | N83: =IF(D83="","",E83-G83-H83-I83-J83-K83-L83-M83) -> 0 | O83: 45914
A84: 75.565991 | B84: 143 | C84: =IF(ISERROR(VLOOKUP(B84,CLIENTES!A:B,2,0)),"",VLOOKUP(B84,CLIENTES!A:B,2,0)) -> Jean Molina | D84: PERRY ELLIS 360 RED WOMEN 3.4 OZ. EDP SP | E84: =IF(ISERROR(VLOOKUP(D84,'Lista de Precio '!A:C,3,0)),"",VLOOKUP(D84,'Lista de Precio '!A:C,3,0)) -> 45 | F84: 45852 | G84: 40 | H84: 5 | N84: =IF(D84="","",E84-G84-H84-I84-J84-K84-L84-M84) -> 0 | O84: 45914
A85: 76.478188 | B85: 103 | C85: =IF(ISERROR(VLOOKUP(B85,CLIENTES!A:B,2,0)),"",VLOOKUP(B85,CLIENTES!A:B,2,0)) -> Wenrit Corro | D85: RASASI HAWAS ICE MEN 3.4 OZ EDP SP | E85: =IF(ISERROR(VLOOKUP(D85,'Lista de Precio '!A:C,3,0)),"",VLOOKUP(D85,'Lista de Precio '!A:C,3,0)) -> 60 | F85: 45852 | G85: 40 | H85: 20 | N85: =IF(D85="","",E85-G85-H85-I85-J85-K85-L85-M85) -> 0 | O85: 45914
A86: 77.390386 | B86: 144 | C86: =IF(ISERROR(VLOOKUP(B86,CLIENTES!A:B,2,0)),"",VLOOKUP(B86,CLIENTES!A:B,2,0)) -> Yosber Caracas | D86: MOSCHINO ΤΟΥ ΒΟΥ ΜΕΝ 3.4 OZ. EDP SP | E86: =IF(ISERROR(VLOOKUP(D86,'Lista de Precio '!A:C,3,0)),"",VLOOKUP(D86,'Lista de Precio '!A:C,3,0)) -> 85 | F86: 45855 | G86: 30 | N86: =IF(D86="","",E86-G86-H86-I86-J86-K86-L86-M86) -> 55 | O86: 45917
A87: 78.302584 | B87: 145 | C87: =IF(ISERROR(VLOOKUP(B87,CLIENTES!A:B,2,0)),"",VLOOKUP(B87,CLIENTES!A:B,2,0)) -> Abrahan Andres Contreras | D87: BRITNEY SPEARS FANTASY HIDDEN WOMAN 3.3 OZ. EDP SP | E87: =IF(ISERROR(VLOOKUP(D87,'Lista de Precio '!A:C,3,0)),"",VLOOKUP(D87,'Lista de Precio '!A:C,3,0)) -> 45 | F87: 45859 | G87: 60 | N87: =IF(D87="","",E87-G87-H87-I87-J87-K87-L87-M87) -> -15 | O87: 45890
A88: 79.214782 | B88: 145 | C88: =IF(ISERROR(VLOOKUP(B88,CLIENTES!A:B,2,0)),"",VLOOKUP(B88,CLIENTES!A:B,2,0)) -> Abrahan Andres Contreras | D88: PERRY ELLIS 360 RED WOMEN 3.4 OZ. EDP SP | E88: =IF(ISERROR(VLOOKUP(D88,'Lista de Precio '!A:C,3,0)),"",VLOOKUP(D88,'Lista de Precio '!A:C,3,0)) -> 45 | F88: 45859 | G88: 30 | N88: =IF(D88="","",E88-G88-H88-I88-J88-K88-L88-M88) -> 15 | O88: 45890
A89: 80.12698 | B89: 145 | C89: =IF(ISERROR(VLOOKUP(B89,CLIENTES!A:B,2,0)),"",VLOOKUP(B89,CLIENTES!A:B,2,0)) -> Abrahan Andres Contreras | D89: RASASI HAWAS ELIXIR UNISEX 3.4 OZ EDP SP | E89: =IF(ISERROR(VLOOKUP(D89,'Lista de Precio '!A:C,3,0)),"",VLOOKUP(D89,'Lista de Precio '!A:C,3,0)) -> 65 | F89: 45859 | G89: 20 | N89: =IF(D89="","",E89-G89-H89-I89-J89-K89-L89-M89) -> 45 | O89: 45921
A90: 81.039178 | B90: 146 | C90: =IF(ISERROR(VLOOKUP(B90,CLIENTES!A:B,2,0)),"",VLOOKUP(B90,CLIENTES!A:B,2,0)) -> Alvaro Tomassi | D90: SWISS ARMY ALTITUDE MEN 3.4 OZ. EDT SPRAY | E90: 55 | F90: 45863 | N90: =IF(D90="","",E90-G90-H90-I90-J90-K90-L90-M90) -> 55 | O90: 45925
A91: 82 | B91: 140 | C91: =IF(ISERROR(VLOOKUP(B91,CLIENTES!A:B,2,0)),"",VLOOKUP(B91,CLIENTES!A:B,2,0)) -> Danco Papel | D91: SWISS ARMY ALTITUDE MEN 3.4 OZ. EDT SPRAY | E91: 55 | F91: 45897 | G91: 25 | H91: 5 | I91: 25 | N91: =IF(D91="","",E91-G91-H91-I91-J91) -> 0
A92: 82.863573 | B92: 102 | C92: =IF(ISERROR(VLOOKUP(B92,CLIENTES!A:B,2,0)),"",VLOOKUP(B92,CLIENTES!A:B,2,0)) -> Genesis Torres | D92: PERRY ELLIS 360 RED MEN 3.4 OZ. EDT SPRAY | E92: 55 | F92: 45898 | G92: 20 | N92: =IF(D92="","",E92-G92-H92-I92-J92) -> 35
A93: 83.775771 | B93: 102 | C93: =IF(ISERROR(VLOOKUP(B93,CLIENTES!A:B,2,0)),"",VLOOKUP(B93,CLIENTES!A:B,2,0)) -> Genesis Torres | D93: GUES SEDUCTIVE KISS WOMEN 2.5 OZ. EDT | E93: =IF(ISERROR(VLOOKUP(D93,'Lista de Precio '!A:C,3,0)),"",VLOOKUP(D93,'Lista de Precio '!A:C,3,0)) -> 45 | F93: 45898 | N93: =IF(D93="","",E93-G93-H93-I93-J93) -> 45
A94: 84.687969 | B94: 147 | C94: =IF(ISERROR(VLOOKUP(B94,CLIENTES!A:B,2,0)),"",VLOOKUP(B94,CLIENTES!A:B,2,0)) -> Cristian Yelismar | D94: AFNAN 9PM MEN 3.4 OZ. EDP SP | E94: =IF(ISERROR(VLOOKUP(D94,'Lista de Precio '!A:C,3,0)),"",VLOOKUP(D94,'Lista de Precio '!A:C,3,0)) -> 60 | F94: 28/82025 | G94: 20 | H94: 20 | I94: 20 | N94: =IF(D94="","",E94-G94-H94-I94-J94) -> 0
A95: 85.600167 | B95: 136 | C95: =IF(ISERROR(VLOOKUP(B95,CLIENTES!A:B,2,0)),"",VLOOKUP(B95,CLIENTES!A:B,2,0)) -> Luis Rivero | D95: BRITNEY SPEARS CURIOUS WOMAN 3.3 EDP SP | E95: =IF(ISERROR(VLOOKUP(D95,'Lista de Precio '!A:C,3,0)),"",VLOOKUP(D95,'Lista de Precio '!A:C,3,0)) -> 45 | F95: 45894 | G95: 5 | N95: =IF(D95="","",E95-G95-H95-I95-J95) -> 40 | P95: Vecina (Luis 40)
A96: 86.512365 | B96: 136 | C96: =IF(ISERROR(VLOOKUP(B96,CLIENTES!A:B,2,0)),"",VLOOKUP(B96,CLIENTES!A:B,2,0)) -> Luis Rivero | D96: LATTAFA ASAD MEN 3.4 OZ. EDP SP | E96: 50 | F96: 45899 | G96: 25 | N96: =IF(D96="","",E96-G96-H96-I96-J96) -> 25 | P96: Pedro (Luis 25)
A97: 87.424562 | B97: 136 | C97: =IF(ISERROR(VLOOKUP(B97,CLIENTES!A:B,2,0)),"",VLOOKUP(B97,CLIENTES!A:B,2,0)) -> Luis Rivero | D97: Stalin 53 (Pedido anterior) | E97: 40 | F97: 45901 | N97: =IF(D97="","",E97-G97-H97-I97-J97) -> 40 | P97: brayan (Luis 30)
A98: 88.33676 | B98: 111 | C98: =IF(ISERROR(VLOOKUP(B98,CLIENTES!A:B,2,0)),"",VLOOKUP(B98,CLIENTES!A:B,2,0)) -> Gregorio Salcedo | D98: LATTAFA BADEE AL OUD HONOR AND GLORY UNISEX 3.4 OZ | E98: =IF(ISERROR(VLOOKUP(D98,'Lista de Precio '!A:C,3,0)),"",VLOOKUP(D98,'Lista de Precio '!A:C,3,0)) -> 60 | F98: 45910 | G98: 60 | H98: 0 | N98: =IF(D98="","",E98-G98-H98-I98-J98) -> 0 | P98: 65
A99: 89.248958 | B99: 111 | C99: =IF(ISERROR(VLOOKUP(B99,CLIENTES!A:B,2,0)),"",VLOOKUP(B99,CLIENTES!A:B,2,0)) -> Gregorio Salcedo | D99: ARMAF ODYSSEY WHITE MEN 3.4 OZ. EDP SPR | E99: =IF(ISERROR(VLOOKUP(D99,'Lista de Precio '!A:C,3,0)),"",VLOOKUP(D99,'Lista de Precio '!A:C,3,0)) -> 55 | F99: 45910 | G99: 55 | N99: =IF(D99="","",E99-G99-H99-I99-J99) -> 0 | P99: 65
A100: 90.161156 | B100: 128 | C100: =IF(ISERROR(VLOOKUP(B100,CLIENTES!A:B,2,0)),"",VLOOKUP(B100,CLIENTES!A:B,2,0)) -> Ciribeth Guerrero | D100: PARIS HILTON WOMEN 3.4 OZ. EDP SP | E100: 55 | F100: 45912 | G100: 20 | H100: 15 | N100: =IF(D100="","",E100-G100-H100-I100-J100) -> 20 | P100: Majano 55
A101: 91.073354 | B101: 128 | C101: =IF(ISERROR(VLOOKUP(B101,CLIENTES!A:B,2,0)),"",VLOOKUP(B101,CLIENTES!A:B,2,0)) -> Ciribeth Guerrero | D101: LATTAFA YARA MOI WOMEN 3.4 OZ EDP SP | E101: =IF(ISERROR(VLOOKUP(D101,'Lista de Precio '!A:C,3,0)),"",VLOOKUP(D101,'Lista de Precio '!A:C,3,0)) -> 55 | F101: 45912 | G101: 10 | H101: 10 | I101: 10 | J101: 10 | N101: =IF(D101="","",E101-G101-H101-I101-J101) -> 15 | P101: Maria Jose 60
A102: 91.985552 | B102: 128 | C102: =IF(ISERROR(VLOOKUP(B102,CLIENTES!A:B,2,0)),"",VLOOKUP(B102,CLIENTES!A:B,2,0)) -> Ciribeth Guerrero | D102: PERRY ELLIS 360 WOMEN 3.4 OZ. EDT SPRAY | E102: =IF(ISERROR(VLOOKUP(D102,'Lista de Precio '!A:C,3,0)),"",VLOOKUP(D102,'Lista de Precio '!A:C,3,0)) -> 45 | F102: 45912 | N102: =IF(D102="","",E102-G102-H102-I102-J102) -> 45 | P102: Arturo 55
A103: 92.897749 | B103: 128 | C103: =IF(ISERROR(VLOOKUP(B103,CLIENTES!A:B,2,0)),"",VLOOKUP(B103,CLIENTES!A:B,2,0)) -> Ciribeth Guerrero | D103: LATTAFA YARA CANDY WOMEN 3.4 OZ EDP SP | E103: =IF(ISERROR(VLOOKUP(D103,'Lista de Precio '!A:C,3,0)),"",VLOOKUP(D103,'Lista de Precio '!A:C,3,0)) -> 60 | F103: 45921 | G103: 20 | H103: 40 | N103: =IF(D103="","",E103-G103-H103-I103-J103) -> 0 | P103: Herrera
A104: 93.809947 | B104: 120 | C104: =IF(ISERROR(VLOOKUP(B104,CLIENTES!A:B,2,0)),"",VLOOKUP(B104,CLIENTES!A:B,2,0)) -> Junior Hidromaticos | D104: DIESEL PLUS PLUS MEN 2.5 OZ. EDT | E104: =IF(ISERROR(VLOOKUP(D104,'Lista de Precio '!A:C,3,0)),"",VLOOKUP(D104,'Lista de Precio '!A:C,3,0)) -> 40 | F104: 45926 | G104: 40 | N104: =IF(D104="","",E104-G104-H104-I104-J104) -> 0
...

Sheet CLIENTES
A3: Codigo | B3: Cliente | C3: Numero | D3: referencia
A4: 101 | B4: Gabriela Maykel | C4: +58 426-6814186
A5: 102 | B5: Genesis Torres | C5: +58 424-7352963
A6: 103 | B6: Wenrit Corro
A7: 104 | B7: Maria Quintana
A8: 105 | B8: Yonathan Gamez
A9: 106 | B9: Nani | D9: Yelismar
A10: 107 | B10: Yusneidy Alarcon | D10: Yelismar
A11: 108 | B11: Yajaira | D11: Yelismar
A12: 109 | B12: Maria Mercedez
A13: 110 | B13: Milana Medina
A14: 111 | B14: Gregorio Salcedo
A15: 112 | B15: Anyi Castillo
A16: 113 | B16: Maricela Balza
A17: 114 | B17: Rosangela Medina
A18: 115 | B18: Yuli R
A19: 116 | B19: Neuris
A20: 117 | B20: Yelismar Solano
A21: 118 | B21: Wilson Gonzales
A22: 119 | B22: Hector Hidromaticos
A23: 120 | B23: Junior Hidromaticos
... A88: 185 | B88: Alvaro Dugarte

Sheet Hoja1
A4: N° | B4: Codigo | C4: Cliente | D4: Producto | E4: Precio | F4: Fecha | G4: Pago 1 | H4: Pago 2 | I4: Pago 3 | J4: Pago 4 | K4: Pago 5 | L4: Pago 6 | M4: Pago 7 | N4: Por pagar | O4: Fin Credito | P4: NOTA | S4: MENSAJE DE COBROO
A5: 1 | B5: 103 | C5: =IF(ISERROR(VLOOKUP(B5,CLIENTES!A:B,2,0)),"",VLOOKUP(B5,CLIENTES!A:B,2,0)) -> Wenrit Corro | D5: BRITNEY SPEARS FANTASY HIDDEN WOMAN 3.3 OZ. EDP SP | E5: =IF(ISERROR(VLOOKUP(D5,'Lista de Precio '!A:C,3,0)),"",VLOOKUP(D5,'Lista de Precio '!A:C,3,0)) -> 45 | F5: 45837 | G5: 10 | H5: 10 | I5: 5 | J5: 10 | K5: 5 | L5: 5 | N5: =IF(D5="","",E5-G5-H5-I5-J5-K5-L5-M5) -> 0 | O5: 45898
A6: 2
A7: 3
A8: 4
A9: 5

Sheet IMPRIMIR PRECIOS
A1: PRODUCTO | B1: DIVISAS | C1: TASA EURO | D1: BCV EURO
A2: AFNAN 9AM DIVE UNISEX 5.0 OZ EDP SP | B2: 70 | C2: =(B2*32.35/100)+B2 -> 92.645 | D2: =(B2*13.31/100)+B2 -> 79.317
A3: AFNAN 9AM WOMEN 3.4 OZ. EDP SP | B3: 60 | C3: =(B3*32.35/100)+B3 -> 79.41 | D3: =(B3*13.31/100)+B3 -> 67.986
A4: AFNAN 9PM ELIXIR UNISEX 3.4 OZ PARFUM INTENSE | B4: 65 | C4: =(B4*32.35/100)+B4 -> 86.0275 | D4: =(B4*13.31/100)+B4 -> 73.6515
A5: AFNAN 9PM MEN 3.4 OZ. EDP SP | B5: 60 | C5: =(B5*32.35/100)+B5 -> 79.41 | D5: =(B5*13.31/100)+B5 -> 67.986
A6: AFNAN 9PM WOMEN 3.4 OZ.EDP SP | B6: 60 | C6: =(B6*32.35/100)+B6 -> 79.41 | D6: =(B6*13.31/100)+B6 -> 67.986
A7: ARIANA GRANDE CLOUD PINK WOMEN 3.4 OZ EDP SP | B7: 90 | C7: =(B7*32.35/100)+B7 -> 119.115 | D7: =(B7*13.31/100)+B7 -> 101.979
A8: ARIANA GRANDE CLOUD WOMEN 3.4 OZ. EDP SP | B8: 90 | C8: =(B8*32.35/100)+B8 -> 119.115 | D8: =(B8*13.31/100)+B8 -> 101.979
A9: ARIANA GRANDE SWEET LIKE CANDY WOMEN 3.4 OZ. EDP SP | B9: 80 | C9: =(B9*32.35/100)+B9 -> 105.88 | D9: =(B9*13.31/100)+B9 -> 90.648
A10: ARMAF CLUB DE NUIT WOMEN 2.37 OZ EXTRAIT DE PARFUM SP | B10: 60 | C10: =(B10*32.35/100)+B10 -> 79.41 | D10: =(B10*13.31/100)+B10 -> 67.986
A11: ARMAF CHECKMATE QUEEN WOMEN 3.4 OZ EDP SP | B11: 60 | C11: =(B11*32.35/100)+B11 -> 79.41 | D11: =(B11*13.31/100)+B11 -> 67.986
A12: ARMAF ODYSSEY BLACK MEN 3.4 OZ. EDP SP | B12: 60 | C12: =(B12*32.35/100)+B12 -> 79.41 | D12: =(B12*13.31/100)+B12 -> 67.986
A13: ARMAF ODYSSEY CANDEE WOMEN 3.4 OZ EDP SP | B13: 60 | C13: =(B13*32.35/100)+B13 -> 79.41 | D13: =(B13*13.31/100)+B13 -> 67.986
... A44: PARIS HILTON WOMEN 3.4 OZ. EDP SP | B44: 50 | C44: =(B44*32.35/100)+B44 -> 66.175 | D44: =(B44*13.31/100)+B44 -> 56.655

Sheet Hoja2
A1: PEDIDO 12/2025 | B1: INV
A2: ADIDAS DYNAMIC PULSE MEN 3.4 OZ. SP (NEW UPC) | B2: 1
A3: ADIDAS ICE DIVE MEN 3.4 OZ. EDT | B3: 2
A4: ADIDAS VICTORY LEAGUE MEN 3.4 OZ. EDT SP -NEW UPC | B4: 2
A5: AFNAN 9AM DIVE UNISEX 5.0 OZ EDP SP | B5: 1
A6: AFNAN 9PM ELIXIR UNISEX 3.4 OZ PARFUM INTENSE | B6: 1
A7: AFNAN 9PM MEN 3.4 OZ. EDP SP | B7: 3
A8: AFNAN 9PM REBEL (RED) UNISEX 3.4 OZ EDP SP | B8: 1
A9: AL HARAMAIN AMBER OUD AQUA DUBAI UNISEX 3.4 OZ EXTRAIT DE PARFUM | B9: 1
A10: ANTONIO BANDERAS BLACK SEDUCTION MEN 3.4 OZ. EDT SP-NEW UPC | B10: 3
A11: ARMAF CLUB DE NUIT INTENSE MEN 3.6 OZ. EDT SP | B11: 2
A12: ARMAF CLUB DE NUIT MILESTONE MEN 3.6 OZ. EDP | B12: 1
A13: ARMAF CLUB DE NUIT PRECIEUX 1 EXTRAIT DE PARFUM FOR MEN 1.85 OZ | B13: 1
... A62: SWISS ARMY ALTITUDE MEN 3.4 OZ. EDT SPRAY | B62: 4
A63: TOTALES | B63: =SUM(B2:B62) -> 111
